id,income,age,region,is_target
0,72437.73663803545,44.0254472927936,S,1
1,61680.127150076034,50.444891167882304,N,1
2,76003.60956645166,42.54350944141047,W,1
3,77524.51773112972,45.863632759661144,W,1
4,54391.71849076931,29.698967393813867,W,1
5,59582.56394510146,41.70768958841929,N,1
6,71022.72322533828,36.940618378242775,N,1
7,67470.05926125134,34.68712163745823,W,1
8,69865.59073996569,36.73108579842749,S,1
9,63175.64857941136,39.99525935579513,E,1
10,77035.18379890262,47.49541525413608,W,1
11,76222.33548343158,34.04164369356262,N,1
12,70528.24558048973,42.183788955566506,N,1
13,79017.92965574426,39.094983399998526,N,1
14,73740.07473801637,40.03396143382823,N,1
15,63125.6602969341,48.01654695182762,N,1
16,72950.00627265999,45.22869262202356,W,1
17,62328.93919336801,50.02438864465646,E,1
18,77027.60241045817,41.0729659245006,W,1
19,69600.59271210998,37.82434432997578,W,1
20,68521.10109163792,40.656847098717,W,1
21,64552.56364476847,43.45498074762733,N,1
22,79780.33070939223,43.05944015072227,S,1
23,68763.76414344959,35.4936715665998,W,1
24,66573.37742269514,42.54293868976725,N,1
25,67182.93159609416,43.36936998083343,N,1
26,74258.4734844268,57.10484422520352,E,1
27,72923.55251491263,53.26106766769002,W,1
28,73301.8608927679,36.88053989664708,W,1
29,73446.56802406306,40.275699830704944,W,1
30,87133.18080696369,33.21934798897798,N,1
31,66748.67986892308,38.455757916219085,W,1
32,65902.0581674277,43.893630021542045,W,1
33,63489.81817401698,49.2351217253294,E,1
34,74927.83538060397,37.62549697353835,W,1
35,79031.77834176713,38.07512135959322,W,1
36,69088.420338761,29.11626582156807,S,1
37,63278.74818429977,41.02400447673055,N,1
38,63404.150274470085,35.62551352884262,S,1
39,75204.7423025976,38.82336343580356,N,1
40,75946.03336962753,36.73883533099447,N,1
41,74345.23414644157,41.43442467448466,N,1
42,64675.92234169044,31.45362965186021,E,1
43,71857.29058453375,33.19772852765406,E,1
44,70933.48647312583,54.77548267216979,E,1
45,71749.5087738321,34.27546451235581,E,1
46,76971.43022358551,35.41928652927216,E,1
47,71788.76439019745,53.02148116992788,E,1
48,75431.30850457516,59.43040301544244,N,1
49,70540.63255591113,34.97060022704795,W,1
50,72312.95518951987,39.790506259271815,S,1
51,75050.30580670832,44.04933330564306,N,1
52,58342.753441154666,52.372185866433554,W,1
53,67442.63026914159,36.07885752943058,E,1
54,66237.01876565763,40.52833292434734,N,1
55,64888.977214053266,46.66402545637047,N,1
56,67798.86199018653,44.60859644679971,N,1
57,81959.53048987516,39.743063572619405,S,1
58,63073.351074454054,41.19706221290375,N,1
59,77746.22683673185,33.750625149780106,E,1
60,56537.04182707356,40.57095753615201,E,1
61,67320.9197601138,40.40167505994627,W,1
62,71302.02452084004,43.393019337757536,E,1
63,74689.77865087423,38.6680366870859,E,1
64,75689.81263834285,44.82923113527083,E,1
65,76346.7778815994,48.076294906918974,N,1
66,67210.1994220125,42.932575966010795,N,1
67,66301.18565868346,44.11053845039522,E,1
68,76863.80705005724,42.3189320854672,N,1
69,68469.56540094707,42.000506358548485,N,1
70,59794.509413296626,37.67065179874292,N,1
71,60933.702287972155,43.89896557003985,W,1
72,62644.38171198711,41.41628040951906,S,1
73,73977.28595243012,54.55900985358357,E,1
74,71139.40588856452,51.440129414851455,S,1
75,75523.88283254215,44.315079315339005,N,1
76,66581.97882930773,37.4216567418314,S,1
77,71268.31752861371,35.325531168099495,N,1
78,75004.7231517387,49.14685771853319,W,1
79,67525.2276822381,43.57649535088283,N,1
80,73654.20190045929,44.88086042034966,S,1
81,64704.59247146679,31.532484078154845,W,1
82,67095.56922747943,47.56463088934908,E,1
83,66946.09684801337,44.72652202928618,S,1
84,60433.28283528768,35.33741589351313,E,1
85,73895.77984628465,39.170851155300305,W,1
86,66244.78127837821,43.58230322613912,S,1
87,70099.9529498215,42.31480079013746,E,1
88,73845.97327124728,40.24697288517867,W,1
89,73572.24940823956,41.37907039160424,E,1
90,75323.0808717823,40.488135730758685,S,1
91,69212.11612392461,42.915375072614815,N,1
92,66613.61350364677,50.82895183795894,N,1
93,69362.2543127488,26.600049354412214,W,1
94,56501.32452833576,40.578898412941896,E,1
95,58423.100220615306,43.05907452823468,S,1
96,59418.40310116478,43.775963938122594,S,1
97,62022.02537918815,39.76851251207226,E,1
98,73198.1938137875,31.459669305128504,E,1
99,62756.167557119516,43.96797290228466,E,1
100,66974.69956768489,52.36410128498511,S,1
101,80393.82638228852,32.79683157050317,E,1
102,67149.8882315086,47.18296808218913,S,1
103,75900.12454773669,40.028848661262636,W,1
104,62531.05855992099,41.632053925026916,N,1
105,68356.49953705896,35.68260893577631,N,1
106,62399.82356071535,39.99326296586474,S,1
107,67287.7353927955,49.80026756819375,E,1
108,76722.46509965917,45.49593145192624,E,1
109,56181.436614461214,52.39386963245967,S,1
110,73475.38914836686,49.064471333866166,W,1
111,71901.88481865822,44.634520073577455,S,1
112,65246.80035442564,52.46360715700675,N,1
113,58431.53716489236,44.63395895242979,N,1
114,70577.03606171095,46.96792906078235,W,1
115,65764.05832748958,40.22057427879175,N,1
116,71861.40969083764,42.39927489515523,W,1
117,70174.81716418754,37.81545706019834,S,1
118,82814.23113056732,47.93750360756912,N,1
119,68085.15498021581,34.93017826131081,S,1
120,61812.02005902508,46.69410205450597,E,1
121,71434.20507965054,40.856093654969044,S,1
122,71759.97347177412,49.02748256080392,W,1
123,80873.50060192349,46.50521393238756,E,1
124,76680.88996731663,52.92387694588081,S,1
125,72854.96847319607,46.38464814683187,E,1
126,81706.4231297565,32.567758466080555,W,1
127,60489.895565417195,41.598280962610794,S,1
128,64881.98773800202,34.96795684443111,N,1
129,62587.3924687558,38.89032094580235,S,1
130,66881.52157475386,51.06737059966033,W,1
131,58986.51081954953,45.825202865386174,N,1
132,75081.20757451524,37.806417428527524,W,1
133,68222.21842320981,35.91769580135761,E,1
134,58233.54964397874,42.19669255725756,E,1
135,61875.36735033967,34.700639103713236,S,1
136,72508.11077960156,37.97315833562051,W,1
137,76705.01254315506,43.87205682930746,N,1
138,85973.84713353429,48.93187221664018,S,1
139,93310.89972805863,45.652568833346635,S,1
140,73315.27546620797,28.2522629484114,S,1
141,62083.695039745086,43.82620037418156,S,1
142,52943.62975414953,42.43220143939547,N,1
143,72141.69169875068,44.48334171223616,N,1
144,63496.47123751739,51.697258089907244,N,1
145,66677.14191856251,29.620570339171543,E,1
146,65103.225607521534,38.45337944885337,S,1
147,68873.67290866892,45.54543793676013,E,1
148,78527.84184630115,32.51043360327635,E,1
149,71256.38853956276,50.855694288321054,E,1
150,68730.9213036905,44.21013967620395,E,1
151,61714.76997739351,47.07950391506042,E,1
152,56602.53644236515,38.574338030869235,E,1
153,66109.53672741335,46.882582139797265,E,1
154,69569.73959345343,48.41082933593423,E,1
155,84143.43930863906,43.39726812082301,S,1
156,71042.19617178309,43.406405356192174,N,1
157,77861.91608818446,43.62205943569035,W,1
158,66005.63521168678,36.81992841156371,S,1
159,60520.4498686638,41.114827918557886,E,1
160,62279.065902141025,41.08486480528585,N,1
161,64198.19148371398,44.30036318612097,S,1
162,87027.75785948132,47.99894548146177,E,1
163,63428.90656620491,35.64878350812954,E,1
164,76707.91362989075,41.24994581808254,E,1
165,62776.582575303786,50.88873328595384,S,1
166,77452.58410299395,37.53847062712462,W,1
167,73079.60772884691,37.06649989625808,E,1
168,68746.89681873527,43.21383715098716,W,1
169,69673.89979091653,47.06631114291192,E,1
170,64761.698436564875,42.06855633336396,E,1
171,73568.57761185664,49.97376354262194,W,1
172,66360.13215727377,47.14076389539916,N,1
173,60195.15388986201,47.05092040134037,W,1
174,59776.49940544304,45.32469900794456,W,1
175,71380.70334177696,55.96591860207651,E,1
176,82632.73005128348,40.769029866803734,E,1
177,71279.9329085875,29.978866247600916,E,1
178,69050.89339112095,51.62552616910285,S,1
179,72286.60911682034,39.253803414259046,W,1
180,80448.0139336546,42.647282666058196,N,1
181,71755.06001091085,49.85730410916316,S,1
182,66712.5821533301,32.38644275364645,E,1
183,78850.30968047911,34.490116715363165,W,1
184,73430.0515076929,32.39233237728688,S,1
185,82286.04793596793,37.235182259847456,S,1
186,71465.87549777525,44.63781963610196,N,1
187,60204.247746236,45.145127056876625,N,1
188,59054.72640603468,43.657645075971324,N,1
189,83207.42345785,33.5234046966458,N,1
190,83789.32576626638,28.139379380204137,W,1
191,68563.84629373919,42.3261215123423,W,1
192,66934.5014309121,39.16934379816998,W,1
193,81691.55433793762,44.75631463029967,N,1
194,61143.63454365209,46.21172175732762,N,1
195,62842.18384835339,42.829448592352094,S,1
196,75146.61435751236,46.560798512255126,E,1
197,66843.15901712328,43.37526824469041,S,1
198,69959.02506623942,45.1803882336088,S,1
199,68692.4568118039,37.77196042278071,N,1
200,77484.3770037212,48.29603766326044,N,0
201,55348.75132627901,37.94389616591179,W,0
202,67315.14105505083,36.82609224314674,N,0
203,54073.50403900802,44.87325323112277,W,0
204,58039.51335818236,32.786147580443284,W,0
205,80910.89783851127,44.33815023192001,W,0
206,77161.47985577349,42.6153191023576,W,0
207,64244.15813372168,41.115345060490995,N,0
208,57979.972351672826,51.529656642895574,W,0
209,46283.76929726679,38.266755328231696,E,0
210,65652.03593653892,54.36178902314447,W,0
211,89363.32009797922,40.647411304631405,W,0
212,73479.07417170917,34.33790133017863,E,0
213,65523.42171160408,42.41951748596895,S,0
214,73720.64167600244,35.54252879808739,N,0
215,57512.333176044456,37.489464913119,N,0
216,67621.41309841891,44.38219980009295,S,0
217,70795.81978412591,45.333492531900745,W,0
218,69311.19478543161,38.26699379847445,E,0
219,76326.44897352064,47.92443087027841,S,0
220,72757.16180988842,48.945046548126804,N,0
221,75346.60814486397,50.61781053937975,E,0
222,64493.02174215393,45.17648044275433,E,0
223,77182.52326728438,50.18057227251419,W,0
224,83031.49558099193,30.715209432155653,E,0
225,62238.8038427887,40.09256070822922,E,0
226,62898.434754283524,36.797968462059444,W,0
227,80686.27469056187,42.715355166764354,S,0
228,68469.24810643951,38.57130468481957,W,0
229,81230.57113653245,41.00305294830161,S,0
230,66459.71430486253,53.2930492812243,N,0
231,81640.36461016569,40.98168122147773,S,0
232,71051.88653444362,44.48275390314129,N,0
233,72065.83058658156,40.60638402045459,N,0
234,82517.74417335924,42.454279727741,W,0
235,67105.83618044663,42.03610008261643,W,0
236,62471.02323260033,44.68994439583896,N,0
237,66411.48633577317,48.991845213283064,W,0
238,73618.67160514511,51.88436398561998,N,0
239,57473.927422555884,43.857720491455,S,0
240,75099.76722120897,45.537281316213615,E,0
241,65689.82945905805,35.0948129448866,S,0
242,79182.50128586851,41.47273954550628,E,0
243,50845.917560796224,47.64173678930153,W,0
244,63707.47379916665,47.19581183050292,N,0
245,56508.25479012718,43.2696583967703,N,0
246,63390.16426908838,47.31836375740772,W,0
247,71981.32720887155,44.94460025396291,E,0
248,68566.18699640196,49.20183754955593,E,0
249,67972.97944841588,43.73615494174267,S,0
250,68726.52102895951,39.86581010657379,S,0
251,71627.10592495954,44.01504754159814,E,0
252,61931.711664455135,24.416433744883346,E,0
253,75654.7971271924,44.29731441831029,N,0
254,75301.32776308387,20.1095230487113,E,0
255,73080.30350124881,31.659219555567493,E,0
256,74452.2675420101,44.71061160564591,N,0
257,72371.34400646927,44.865176023600775,S,0
258,86280.58642184854,35.025427319160414,W,0
259,69303.24663157992,37.727387748726365,E,0
260,67543.33425332338,50.223245931684794,N,0
261,63971.77935714098,39.095819210563945,N,0
262,61741.89863537731,55.45752187441791,E,0
263,60044.2256991914,41.98848088094192,S,0
264,62889.621494152656,44.4482170612876,W,0
265,69434.55694678343,51.70124639099164,E,0
266,72674.36102798172,42.78616269716052,W,0
267,70409.13646841729,35.985936115855196,N,0
268,63875.7177805623,41.34163528983426,S,0
269,77201.4765121597,41.78633558285946,N,0
270,75915.30137840757,33.811550086790604,E,0
271,68722.81354062386,40.46500757195506,N,0
272,64776.6708426823,37.54684743601538,S,0
273,74387.4233666384,47.54614654312461,S,0
274,71503.78869988884,42.207671245111534,N,0
275,58414.98192467962,40.30322550511458,N,0
276,69456.15795212476,41.362908416264546,E,0
277,72096.28649659504,43.33873211043699,W,0
278,62802.44170809797,45.70088519813868,N,0
279,71518.74714269955,36.001726627983714,S,0
280,58361.42011793768,35.750474204272365,N,0
281,80689.48880009737,48.62807529241518,W,0
282,79983.59988047545,39.525978766771615,S,0
283,67979.86132557628,33.498947444418754,W,0
284,72907.63470271259,44.66287625629863,N,0
285,50720.624273601,44.78021883619612,N,0
286,60749.21871787734,32.81570845645976,E,0
287,67649.76863878296,43.37689029278164,E,0
288,61422.93582858513,46.41349855457024,W,0
289,75715.17186104527,44.24631871023758,W,0
290,85978.37224598395,45.791888902568374,W,0
291,60587.08224456559,33.57438541145551,E,0
292,63300.29276731846,43.98624092997717,S,0
293,71883.58694647944,40.18428144317732,S,0
294,82888.92918799697,39.10325904765213,N,0
295,60221.005499680774,47.223333656518356,S,0
296,71992.28897845553,50.87564706404538,S,0
297,84570.39080650487,52.766220327602156,N,0
298,56785.926814565864,49.888847229035434,N,0
299,59751.446345233344,41.341594910218895,E,0
300,66611.14714831329,44.11632097815806,S,0
301,65835.2926971567,46.60093723070546,W,0
302,76500.81030202916,42.72706769579677,S,0
303,71933.2777585667,42.78458512746926,W,0
304,55800.303522862974,46.94251879125709,E,0
305,74123.28322320648,41.64430412384441,N,0
306,65379.6889011548,37.62427838175803,N,0
307,80195.5777355299,39.51316160498485,E,0
308,64979.299708504645,45.803462266402455,E,0
309,64907.077735182116,42.01795974719973,S,0
310,74329.05288643626,44.04125986121003,E,0
311,76103.41185869549,46.02047545321314,W,0
312,73584.79491148963,39.75095122261434,S,0
313,56515.22146092153,46.537488981778836,N,0
314,74304.27551942601,44.27305562075037,S,0
315,61725.535586604805,34.59112147853113,W,0
316,71882.20889270611,50.653828747117466,W,0
317,58610.12451680752,38.995531537458504,W,0
318,73570.57718034451,32.0694279408889,W,0
319,63547.20876554102,35.729737742482186,N,0
320,59738.922797915824,35.87372903593007,S,0
321,75710.5610918592,42.313039911945204,N,0
322,71933.15617341401,40.35689696672258,N,0
323,65088.185588856824,39.97900819415644,W,0
324,81609.43079216851,45.71821179289488,W,0
325,66474.78062744206,44.03925216715622,N,0
326,70256.86139176748,43.89628722386572,E,0
327,72151.3075814288,44.45897074397216,E,0
328,65042.67252697109,45.69680800801343,N,0
329,73769.09034719944,29.35227994933534,W,0
330,65732.3812226822,39.813370486413234,W,0
331,66706.89342227032,28.918739613063156,E,0
332,80901.14111842673,42.21635956078677,E,0
333,61675.31157990053,41.97220216665393,S,0
334,50697.75735256408,48.27319364873808,W,0
335,82887.49596009516,49.12580635632673,S,0
336,90394.62362085603,43.216650289514206,W,0
337,66757.84587640535,38.997833535618604,N,0
338,54505.29567503852,44.91096667527443,N,0
339,67516.12819043246,38.83249417605412,W,0
340,67710.21640127465,41.99164409133991,S,0
341,68480.60927182194,47.9168179017646,S,0
342,61092.89566462521,38.65337192406346,W,0
343,74636.48913981182,46.834071835455006,N,0
344,74196.05900228869,46.064408212153815,E,0
345,58044.75504144555,36.27124909721507,S,0
346,75593.57385355911,47.84336476930441,N,0
347,86421.47985556713,46.19139807222903,W,0
348,71375.68265949648,42.611555324235944,N,0
349,67301.39870345195,37.42605925183409,N,0
350,68863.97428473983,36.84476388854658,E,0
351,74922.05413574849,38.77402453858186,W,0
352,56154.62715594225,45.25556677975176,N,0
353,71315.12562381841,36.26624899559161,E,0
354,66876.28840429752,44.62507349171922,E,0
355,84782.60010364836,34.54946682672964,W,0
356,68606.61812956033,40.775588493366904,N,0
357,83343.10088895616,42.65788652744405,W,0
358,61170.07441774394,56.6707808703535,E,0
359,74698.07333442234,33.736106066877795,W,0
360,72555.20211032983,50.8320873989408,S,0
361,63047.62201708174,42.89905448392368,W,0
362,71419.16891709552,44.46703150809578,E,0
363,79700.15069465281,42.71008748032923,N,0
364,67409.66636570719,44.6683609091714,W,0
365,56464.29880664189,41.077889373827894,W,0
366,69859.49738818043,50.72430108874475,S,0
367,62780.6152416599,39.26117313465166,E,0
368,67261.27249068893,48.79340743307549,S,0
369,69347.29784251904,38.133797278721865,E,0
370,56354.78227187586,41.63848892159228,W,0
371,57074.73328543457,35.56822468625869,W,0
372,73856.5346842042,44.73014232208512,N,0
373,65818.25043064255,50.670755741559205,W,0
374,49482.04526543546,41.53586292107487,S,0
375,76278.75229286509,40.818685807776546,E,0
376,72178.95804219392,35.31229822159244,W,0
377,64289.00140770813,40.624244078686154,S,0
378,59465.358311534066,32.44323444167083,S,0
379,76686.4631705147,36.52273207968704,S,0
380,72794.80498048343,43.36071627665481,W,0
381,89060.8182614726,49.914079186448376,S,0
382,73361.5087897995,58.85526516737702,S,0
383,73101.62513009612,38.480489489574595,S,0
384,68664.57655913148,50.61180093987264,N,0
385,76534.20693760633,43.462514882409884,S,0
386,75000.68160998523,41.092514119521745,N,0
387,80013.80006852155,44.59556671035691,N,0
388,65829.41665090172,42.37149890207976,E,0
389,66516.7402164483,42.662374353673314,N,0
390,66167.17463270416,39.55000102303998,E,0
391,76326.4137694319,33.611342041206896,W,0
392,81986.99552237385,32.73824878486751,E,0
393,66329.2760548056,45.919469299687364,S,0
394,66601.81017765526,40.33979945948572,N,0
395,72512.6177909584,38.423466602063,W,0
396,68033.9079998968,42.051033760338925,W,0
397,77616.42922511912,46.76959351749377,E,0
398,51985.78167504763,43.08218365815839,N,0
399,63386.359624664845,38.06367038015419,N,0
400,63740.66932830843,49.3577577338937,S,0
401,51437.151900910845,51.47511301788979,N,0
402,62290.89244504957,44.96733993193712,W,0
403,62678.75107323259,47.84198106806454,N,0
404,68391.16276384935,49.45175998088287,S,0
405,78903.72713328211,48.78059589842708,W,0
406,68039.51479047438,45.68459506267574,W,0
407,61753.49023783077,45.590082282449295,N,0
408,69544.36367029177,45.117963440079016,S,0
409,78393.3889715308,35.415973952717735,E,0
410,62192.32947108076,46.204338941157516,E,0
411,62715.40092862841,33.86511617324068,W,0
412,74468.39167419379,37.23240326924967,W,0
413,68227.7110741536,49.82139040684852,W,0
414,75179.8775256758,47.04132097616518,N,0
415,69890.82566563763,50.924389738115174,N,0
416,75613.30918471653,40.36995369787625,E,0
417,61719.375087674875,35.08650695233939,N,0
418,69903.32279369386,40.557376817577946,S,0
419,68314.47988509474,42.612187783443446,N,0
420,60272.87260716695,42.47393229804006,W,0
421,57492.17641705049,48.80208287254021,N,0
422,75485.99228219729,39.832377449979326,N,0
423,67192.38094225618,44.11220683081755,N,0
424,61821.757746821364,36.06823710339236,N,0
425,69230.56850461334,44.70190366826288,E,0
426,79024.15085879443,42.01865130111382,S,0
427,51754.097237024616,37.5011199702929,W,0
428,58026.89048077339,40.58502382695088,S,0
429,62616.90846483786,40.89494552090867,E,0
430,81689.43093376263,40.379069223977424,E,0
431,72260.69586335437,52.6280474536061,E,0
432,76138.53792368982,41.40932398615272,W,0
433,60878.712646990156,40.536623338935975,N,0
434,61043.71299783579,29.415294254339152,E,0
435,73582.50973378168,36.63475588812314,W,0
436,70466.19464748357,40.421559453261885,W,0
437,74389.91055091302,37.88488394294014,E,0
438,68498.63207257238,50.29024556026678,E,0
439,72225.14981163702,41.01037334762269,W,0
440,71264.95267924087,49.73066549590951,E,0
441,76222.1391126794,42.37022780430221,W,0
442,76456.06625555576,42.22336701852946,N,0
443,57041.024044865844,41.46722131372499,S,0
444,52021.851557273156,42.022777509728755,N,0
445,78013.96318121205,52.312770018299155,N,0
446,79501.8007460955,28.08233563949269,S,0
447,61835.0158438933,29.99072553336793,N,0
448,55121.31674763497,38.740975013663316,S,0
449,70792.2785680576,42.08716729162541,S,0
450,77446.70581080424,46.14062654858407,E,0
451,84380.75617947451,44.83852318816485,W,0
452,74130.38057681161,39.69452452271658,W,0
453,67026.26642731445,48.114262159450575,S,0
454,62854.9550273211,48.18117241891639,S,0
455,70091.61033336523,43.10434698762939,W,0
456,67605.88236891796,47.77594543492105,N,0
457,61879.45675416947,43.63587158059277,E,0
458,86390.04520690629,38.6311018393027,S,0
459,84281.34721657705,46.18690103400003,N,0
460,79088.38946844343,42.66367873547207,E,0
461,62633.19681752698,42.00803908052692,S,0
462,76840.15459437823,50.837721433137446,N,0
463,75117.01127598321,27.294767228759483,E,0
464,73540.36499363242,33.49389497904258,N,0
465,79997.32213635021,34.87757744175378,E,0
466,75082.96914289022,39.82043611458717,N,0
467,75920.11389043469,40.47235098140382,S,0
468,75095.25026697769,32.956046113361715,W,0
469,72726.33126401684,36.08905180613504,N,0
470,55731.11096228653,36.83494992885858,W,0
471,70668.96861928445,56.74454455245535,E,0
472,65550.464329207,52.81045168648288,W,0
473,59761.27233887983,39.52950349389211,N,0
474,83454.53295440659,39.818500258159204,E,0
475,83831.96272708563,35.10477601687023,W,0
476,80873.7648023649,30.5512175206484,W,0
477,72041.707334847,41.29871888154886,N,0
478,80805.00096762125,36.01288810053585,W,0
479,70096.42544481461,41.49089681002794,N,0
480,71622.37821518224,32.398764905739135,E,0
481,61252.22903630414,37.42815325013845,S,0
482,73175.93043599073,42.89176257181698,E,0
483,70483.08742739534,44.19725758670362,E,0
484,59578.783065324285,44.504831752452084,N,0
485,69590.42310546723,34.07706609505777,E,0
486,69362.16348914553,47.12811438081337,W,0
487,84380.48933315712,37.1987298203889,S,0
488,77153.70662810728,45.79714748764384,S,0
489,70091.56351273172,41.936167940290844,W,0
490,71990.29847840866,33.741675005532315,N,0
491,70353.69902483358,40.102813772512874,S,0
492,68376.68812163561,44.1921824523826,E,0
493,61340.582420893705,45.67779228284759,S,0
494,68791.58497914457,41.15407261533349,W,0
495,64031.21394677989,51.19067334360632,S,0
496,59997.475688614824,48.04506462591935,W,0
497,74089.77451638028,40.460075301601485,N,0
498,73130.11727946588,46.50073087282167,E,0
499,55706.33990905537,53.602760911129124,E,0
500,69018.52290003898,53.762907604698164,N,0
501,77965.61108719939,34.63200071506502,N,0
502,78473.78991117056,36.440801333057095,E,0
503,78206.69474308191,50.90951272040311,E,0
504,70311.30565521168,35.65031369497417,E,0
505,63239.63737624679,34.064753200249925,N,0
506,61330.40938113551,39.082835215805716,E,0
507,72756.83923800287,44.521360256847515,W,0
508,73034.2402749213,41.38561976033342,N,0
509,80298.64889284052,38.09661827756645,S,0
510,78799.83720273667,37.954725229652944,S,0
511,68942.17074775063,37.725977613523746,W,0
512,60046.352969113046,36.72294222804634,S,0
513,67447.14722391282,55.689797263656374,S,0
514,71737.8495584842,43.78506642711333,E,0
515,68383.33403688477,47.32055432642843,N,0
516,65376.84713537875,39.06553519128646,W,0
517,72023.07851975919,40.88425993688371,W,0
518,65968.33806871512,37.71867611177787,E,0
519,64975.471330197004,26.08974999048479,E,0
520,72491.62267442752,33.731944338912804,E,0
521,66784.05935896636,31.13628792011763,W,0
522,71952.83511182682,28.501297332290356,W,0
523,72185.63218281697,34.827846154211386,S,0
524,60884.5679912674,49.949734076289786,S,0
525,66150.0710090767,41.73338299377387,E,0
526,81502.2155193317,49.74338257392704,N,0
527,60703.3638981257,44.46589546140525,W,0
528,53066.76440823575,46.695352954290954,W,0
529,55105.23877405991,36.59461802817255,E,0
530,70232.87957261335,45.143705725156025,S,0
531,70247.33822426159,46.372285404446075,S,0
532,69059.11315659904,38.54011624659784,S,0
533,79713.51863142801,45.357242223697,E,0
534,48617.32453517649,45.397126551449,W,0
535,73167.4709954466,38.7026842732195,E,0
536,82491.50561442859,35.26338940637403,W,0
537,60977.75388086629,34.89523000861037,W,0
538,66961.54790568084,42.51903325152877,E,0
539,63976.864662171036,43.96205921273589,S,0
540,62845.23163137977,37.244845017252516,E,0
541,67389.90395981568,42.15951204795659,S,0
542,81419.88226947603,45.423222216830915,E,0
543,84699.09340390016,45.709144287991805,W,0
544,67312.48619967882,51.31128072073493,S,0
545,85240.48171251576,49.66188499318826,E,0
546,70284.611815877,35.992251403460735,N,0
547,84029.52821360865,52.10151725722814,E,0
548,69253.61080277206,38.81414097266571,S,0
549,71048.46260836915,48.269236874726566,S,0
550,72923.79578114267,42.40791975630653,E,0
551,95430.82943494029,39.527103729258194,N,0
552,76810.28459875831,31.153818841350404,E,0
553,64341.88376038829,40.97061293870191,E,0
554,77751.98296220686,32.64370058816635,S,0
555,67105.33970332527,47.80379541505663,N,0
556,66081.99853679033,51.10075594283549,S,0
557,77268.81087913689,37.21853406421986,N,0
558,70248.68470216922,43.81182445511563,S,0
559,72228.60731609445,37.64765086795215,E,0
560,70111.88177492234,38.229091619179265,N,0
561,72692.66501284347,46.64696822319223,E,0
562,73399.7271794892,41.768770428939526,N,0
563,54504.26453835668,52.437888251586074,W,0
564,75332.58134887627,39.10660512778247,E,0
565,62143.844641357595,47.99601799484694,S,0
566,58461.60691552471,42.584480477746695,E,0
567,69532.71004913055,46.7746680584654,N,0
568,70671.84802651564,39.31705405602032,N,0
569,64451.95068342175,41.7026469746905,W,0
570,76648.2548613438,41.30700672420639,W,0
571,59262.59866903274,36.98365731092528,N,0
572,66744.45000981953,45.97248920749052,S,0
573,65321.006920536,45.901494033470186,N,0
574,69627.30183728528,45.5613281694334,S,0
575,72230.91427717792,51.22179392350587,S,0
576,61936.85640301164,50.69606880741782,S,0
577,75794.26141964982,39.750331860905185,E,0
578,70504.01894667759,44.23831391060507,N,0
579,54864.42997350472,38.258395864450726,W,0
580,54331.26847682375,42.140131896687336,E,0
581,69901.44565656551,38.40150330528681,W,0
582,68232.26145770917,51.72042185481631,N,0
583,69172.63909140293,44.182188902057774,E,0
584,69776.14034775825,40.691825231373464,W,0
585,71804.47871608144,49.16171143113826,N,0
586,77581.1968787864,28.97630754122753,W,0
587,61111.16079265953,29.91538443080826,S,0
588,60624.227256793645,46.775031931318644,W,0
589,61253.40913690094,42.36281068870421,S,0
590,72311.33333734966,43.502677801564566,W,0
591,79959.57902917157,34.04162338008871,N,0
592,66549.28449408391,41.8605977348978,S,0
593,49986.40124672276,54.021056462408055,S,0
594,56368.057099116995,46.94519771877518,N,0
595,63335.70621763191,43.018239270856874,S,0
596,65538.16890003828,39.36567653937038,S,0
597,66732.89098196219,39.63256288878364,N,0
598,70308.64898384734,29.224812664799895,E,0
599,67506.02935342042,43.545842525526965,E,0
600,35354.6880582443,14.907838702150132,W,0
601,41817.4673254772,28.13510526147376,S,0
602,35064.10228165505,25.928842460028765,N,0
603,47905.177176839235,19.14286411356362,E,0
604,34649.23055262873,33.1711312941852,N,0
605,51407.793206919465,26.850207326947455,N,0
606,34366.68838864062,22.469848289483373,W,0
607,39903.34575977094,26.11799316051687,W,0
608,39378.569326063385,37.49913177250731,E,0
609,56926.32055987355,34.22055860628656,W,0
610,47972.60951054933,29.089817569510572,N,0
611,43094.39577710045,34.33373512925397,N,0
612,49488.47496962751,21.873616305292828,S,0
613,26035.26887403281,30.226590705089215,N,0
614,44611.797693231834,31.031256313405294,W,0
615,62977.627600242864,26.71114444050891,N,0
616,46191.11855762405,33.04820835170192,E,0
617,45611.21852252402,24.53696581748884,W,0
618,49933.155416779766,33.56874495443282,E,0
619,53060.44718982911,33.863011400719046,N,0
620,27022.799763991265,9.579880835120537,S,0
621,29859.06166388076,38.332139924570825,E,0
622,46892.62161977532,8.66657204253072,W,0
623,38566.110942922416,25.687656821107122,S,0
624,56808.227359979224,37.17743623980429,S,0
625,42163.43049103299,27.778992923232916,W,0
626,27589.22337858194,19.736698122713207,W,0
627,33587.87474840403,22.343840567983307,S,0
628,20252.91582332482,37.188340224244335,N,0
629,42892.87016445379,16.54946828615953,E,0
630,43304.54285462055,37.90293770673412,W,0
631,41179.83561196292,29.614285306703973,W,0
632,54709.91135126765,21.653232686902967,S,0
633,55786.67852865024,25.918194493881163,N,0
634,43466.504189795,22.87942961228851,E,0
635,25787.756992708295,36.0635764060097,W,0
636,50555.534224430325,35.12699466833987,W,0
637,49998.242056577175,17.965872062867675,N,0
638,47784.5241314125,27.174855170364662,S,0
639,53833.31774377304,23.95770036359006,S,0
640,34516.54713185064,39.05456977921559,N,0
641,63078.79847566625,20.549306173115053,W,0
642,36365.15022172319,41.2296037327951,N,0
643,51743.00634480769,29.766936823381435,E,0
644,29813.870750279835,21.866459155339385,W,0
645,36627.617814569545,25.259080711935056,E,0
646,58647.31782052803,24.388668114620845,W,0
647,42651.90159299235,21.077671185891457,S,0
648,52559.30344619518,30.66378801811263,W,0
649,47132.59849847321,21.4045911451571,S,0
650,44055.376595998445,14.737436538832679,N,0
651,57274.652924394206,27.34226470406279,S,0
652,42870.070578132894,17.38000662507482,S,0
653,28973.357031928765,24.734873923527356,E,0
654,37770.83917243465,23.63627977977651,S,0
655,49960.725558315244,23.9014874958193,S,0
656,48559.58195726258,44.00674171113108,S,0
657,30896.475747881057,30.394880970186996,S,0
658,38480.91732532619,31.717597062967325,E,0
659,39764.50785717978,17.56521192560394,S,0
660,41710.77365297198,25.422258064541545,W,0
661,32616.777702586038,31.507118409590582,S,0
662,39344.66002692469,22.828297609608956,W,0
663,38442.50563266425,36.3564399046259,S,0
664,51943.79933785727,21.581123898692788,N,0
665,52282.091798912195,27.99543704894377,N,0
666,43687.70587720066,25.89763852017109,W,0
667,41471.64183716341,31.15024461567341,W,0
668,46259.31880835202,25.516569497012018,N,0
669,37650.82403289982,28.10374461050344,E,0
670,34678.51126049303,28.3470893575541,E,0
671,36538.009119668546,24.85928569826089,N,0
672,39286.68152425689,33.39565707947979,S,0
673,34528.73580186956,31.668718623861977,E,0
674,46458.536031565876,29.37970238322783,W,0
675,51567.441064053375,26.986791665766294,W,0
676,30716.115292815826,35.57580821363998,N,0
677,45226.1584009443,28.34916029330073,N,0
678,43020.57784260298,27.85311898521844,S,0
679,48073.57816983123,30.732830209216882,N,0
680,44883.55108706771,41.87610678079595,E,0
681,31917.606480615323,20.617506543851572,N,0
682,33638.49631028551,35.388998251387484,N,0
683,45264.81218026475,16.747801871333266,N,0
684,54259.028277709585,31.520912107600367,S,0
685,25072.313660612974,41.025579793261116,W,0
686,48111.53921821422,33.42067967127115,N,0
687,55706.59804758879,31.19437554977855,W,0
688,43622.76711414408,26.076853718378473,S,0
689,49951.822464237965,30.21733040341988,N,0
690,38672.37827191978,28.235560292176505,S,0
691,43925.70420650811,24.498163744480514,E,0
692,30411.778335226634,27.970870691675913,N,0
693,23900.910224230134,31.388668124385077,N,0
694,53484.89221102747,24.62948052028552,W,0
695,36135.045650480024,24.35602725520721,E,0
696,40900.24939496913,20.478295936854778,S,0
697,32522.019720568263,32.735075182622275,W,0
698,32310.27267224512,33.81726283376942,W,0
699,43435.460699148454,31.621623109655623,S,0
700,38433.80525277918,36.756193449100664,E,0
701,48401.73898195229,30.615073459565092,N,0
702,49072.845770816326,32.7440765615603,S,0
703,47887.646816921464,32.12686197946294,E,0
704,47147.40711835599,29.359219864072546,N,0
705,59199.913844386974,26.28424720309247,W,0
706,35391.656078596025,45.49906831054338,W,0
707,44505.58620417374,26.83634314102544,S,0
708,55194.2083846763,25.338856022156946,S,0
709,56380.858284042326,33.03806876415075,N,0
710,32204.127155898845,31.762980907065035,E,0
711,42188.80102509717,20.16645916672771,N,0
712,57223.08986280534,37.85874778194617,S,0
713,49572.71194679159,29.340637972544165,E,0
714,46757.36728331795,22.223482333489954,E,0
715,43040.83775908809,38.32148880047712,E,0
716,41545.79166863029,34.379729001173075,N,0
717,47593.971567812914,21.1482060563646,W,0
718,42728.63287513965,42.440279881804074,E,0
719,44616.7924106,34.611581578563346,W,0
720,45707.388355035335,29.928627190624677,S,0
721,38897.356243558505,41.13153163935246,W,0
722,49789.16436493295,31.115084486807483,S,0
723,71228.20183573877,29.803418474271776,W,0
724,29007.120246065322,25.377899187846076,N,0
725,47916.11271770982,34.07295307514955,N,0
726,38158.28920242985,33.33622077126786,E,0
727,50196.62319767325,30.10276097922798,E,0
728,45419.01725995075,24.47009552292678,E,0
729,51856.69296638217,30.909508979162517,S,0
730,55579.55918857902,29.511408499665034,W,0
731,46731.790059913634,20.665679768860592,S,0
732,55188.4705957276,19.6973135407307,E,0
733,23901.318955901905,33.95607365166838,W,0
734,59314.07068124421,11.786781794638177,E,0
735,48375.55936703106,31.43787368872882,E,0
736,54700.59020170664,26.653418595723227,W,0
737,34021.118296426306,39.15772624815937,W,0
738,37523.07106555198,26.54572253592287,S,0
739,46313.44464730297,34.61638949976327,S,0
740,44846.65899596283,27.221603111335458,N,0
741,47547.617292089904,30.796237074403003,E,0
742,54760.636448369696,35.15785571644036,W,0
743,29113.01716227436,26.76210998572794,S,0
744,53764.37164545578,36.97588419148883,S,0
745,45074.53718962134,23.044114860254616,N,0
746,43165.96324987907,32.062149897908654,S,0
747,31759.962890535986,36.45847805951497,N,0
748,49527.43801539179,34.62026244253234,W,0
749,23273.029340720666,43.415114137147874,E,0
750,50835.546101148415,24.655924778825376,N,0
751,31571.047480743073,20.345955240559885,N,0
752,45481.121213557264,23.039654240534162,W,0
753,43927.48046404871,34.62309796583906,W,0
754,55525.84332564495,33.48546053988565,W,0
755,43392.10347887499,30.71579661753191,N,0
756,38752.752949689006,22.139300656250093,N,0
757,40440.575736259176,35.368071053303424,N,0
758,56455.944918791974,21.427066556446217,W,0
759,49826.67272262804,38.1126470766383,W,0
760,41529.33016629155,50.002068961979056,W,0
761,42871.982220319376,32.56515802600085,N,0
762,30895.40618473098,34.0817569496042,N,0
763,48496.26780766387,26.549981617731085,W,0
764,29161.658630740807,17.328506752392286,W,0
765,51766.16819251911,25.780964458788443,E,0
766,46157.594332421395,22.349733312308754,N,0
767,66482.56619616531,19.87096796509489,N,0
768,35098.78001648125,42.05651959396955,N,0
769,44076.0411806343,31.91003762618041,E,0
770,61184.589308307564,32.65781306429788,W,0
771,55722.50676262273,27.836843443626254,E,0
772,38734.0915357809,28.789902422895945,S,0
773,47015.70685536103,36.75185477567533,W,0
774,45017.994207735785,29.773640169133493,N,0
775,47537.60280654742,33.71485756617313,W,0
776,38711.876076136534,28.62796991508489,W,0
777,44196.11637569339,27.60492976487567,E,0
778,30617.528622509577,20.151600840786966,W,0
779,46216.11106681274,16.155756563430103,E,0
780,49050.18606079649,28.16906669253519,S,0
781,42953.225286205045,30.39547684395263,S,0
782,30464.541984736912,20.997089743038465,W,0
783,53896.786765663164,29.75867594475757,E,0
784,48280.72534193522,30.376267940933513,N,0
785,38465.86412069121,14.907943957584346,W,0
786,42474.59597845742,23.594127383643492,N,0
787,31493.97537496345,32.85084725614828,E,0
788,35771.30884999886,32.70941110577021,N,0
789,40159.697882785746,21.924275585201677,E,0
790,56055.78731052136,31.109136353498144,S,0
791,39244.46948201272,37.15685057752331,S,0
792,50761.92293395883,35.43951071293629,E,0
793,40155.154174245785,29.33299949090246,W,0
794,47231.52804766687,26.724165806729953,S,0
795,43727.44048070578,25.59458860965847,W,0
796,52857.50940083469,33.2747384803676,S,0
797,40186.69795603298,31.365727812000216,N,0
798,30847.245749978032,34.4058280427154,N,0
799,32562.458717727306,30.923116691848065,N,0
800,40213.102554515186,35.73134765243209,E,0
801,33758.46026389753,30.6621477307039,E,0
802,48691.908141115964,35.49282101292181,S,0
803,40808.0865162773,36.09575939256647,S,0
804,66371.45895023788,24.368313588426304,W,0
805,29360.56864376581,17.342991671904777,E,0
806,46832.69860838821,40.80444999210187,N,0
807,34848.42278844898,31.796611114985833,N,0
808,40559.3879365559,17.99859873152715,S,0
809,46272.7752600649,25.003263519469023,S,0
810,24071.65762613142,35.403120046588796,W,0
811,47131.435051092245,28.04226218206975,E,0
812,62126.16716046751,26.41557006476611,W,0
813,40919.055314682664,39.80617302219076,E,0
814,47338.270711249585,22.668989975313327,S,0
815,54224.295238128594,24.412926495716164,E,0
816,43524.418499757034,31.47970532533787,E,0
817,39771.35830321665,32.73318452437718,E,0
818,24518.37236650423,33.47440124038512,N,0
819,50768.91647455476,36.37866631198263,E,0
820,43981.48431243993,31.390050344770618,S,0
821,35885.845337506544,33.42568757256886,W,0
822,46139.370392499244,28.185535184794418,W,0
823,39746.87678874437,30.438888122657,E,0
824,40244.16481996027,30.752739260375442,W,0
825,50456.62040497837,31.505686950733253,E,0
826,32954.5582980854,35.407778653079326,N,0
827,54425.83757466383,33.88601977361382,E,0
828,32420.82453193437,30.30951902030128,W,0
829,39035.687324802624,24.336118105412723,N,0
830,62306.515746599194,30.473698806438968,N,0
831,55146.1928547818,29.803875505729792,S,0
832,45878.43593245896,31.352271058692388,W,0
833,36535.228060489055,45.445677149982814,E,0
834,40236.54923970096,26.33359055021135,W,0
835,45659.477831271266,32.956023133877515,W,0
836,45337.709091056386,37.47923447071009,E,0
837,44182.16163336633,30.686013398695682,E,0
838,44722.50737324234,46.364915834205156,S,0
839,43070.62401265397,27.353724957879663,N,0
840,32022.191379239885,32.268624556240326,S,0
841,40351.403320552505,24.408359785749127,E,0
842,53231.61648588162,27.539326853996947,N,0
843,32684.991322039943,31.742537372776606,N,0
844,43294.00039614649,35.924128436154106,N,0
845,37622.214641062405,32.23366383816502,E,0
846,46002.153864583,38.81380394534315,W,0
847,41502.301370398636,29.3352428258513,W,0
848,58296.54298477202,27.674820291126963,S,0
849,49559.24838771229,48.927895750955706,E,0
850,33193.7715080051,32.75966354609422,W,0
851,51041.05210452329,24.963629178150168,E,0
852,38028.13329364143,25.14015366426352,S,0
853,39807.0326576022,23.401240598280616,S,0
854,47824.371180964095,36.555985490997514,E,0
855,40574.27322242879,27.449358949747307,S,0
856,53035.7023469066,30.891537329595398,W,0
857,38029.40944637944,29.55543927893212,W,0
858,39429.481026677735,35.12044685558654,N,0
859,39092.66195806702,24.072791349811858,E,0
860,39909.25126480465,22.470993996998892,S,0
861,54892.72399993031,31.57008115027116,E,0
862,50659.166642492724,34.20671499289928,S,0
863,60389.49558610864,32.32772619168348,S,0
864,65408.79783509329,24.333823896318705,S,0
865,35723.54671260894,34.742393894639754,N,0
866,45633.7721459456,24.79297351033056,W,0
867,34414.197150209104,26.349229486495318,N,0
868,38001.5466502656,23.392325326945986,S,0
869,39329.25740769898,39.108108440564216,N,0
870,35485.60613275553,34.43395078719144,N,0
871,35533.01454391428,34.23495362975211,S,0
872,43701.440593317704,38.73047994799715,W,0
873,34049.53423452233,49.688544737671066,W,0
874,52579.1426322387,18.035417272628912,S,0
875,36740.218163242374,24.831363933860242,E,0
876,70286.12073086752,25.686774410778334,W,0
877,40937.53994132044,24.04426264332115,N,0
878,45648.15877725347,22.456917266774013,W,0
879,33341.92933980568,27.90242855161244,N,0
880,60354.825823148756,21.483773992974164,N,0
881,55075.50612722625,32.345296572761896,S,0
882,47672.24283662501,30.361888250000302,N,0
883,32878.777060983906,33.367200653345584,W,0
884,46896.00189952158,33.55409916146777,W,0
885,34907.12058584471,34.221047973986735,S,0
886,58161.19737126025,27.386137442232823,W,0
887,52282.75258667856,44.84800381843567,W,0
888,45858.95134638962,31.641017815374685,W,0
889,23072.619030774098,16.962606731626437,W,0
890,36149.25619206872,22.983369779636476,E,0
891,51189.85018439885,17.81647907680529,N,0
892,55915.953225508405,30.121342404059153,W,0
893,54982.528303429186,29.147363431626665,E,0
894,30671.8829798269,26.721020114703794,W,0
895,47713.97076131614,44.076482786803595,W,0
896,54139.636948346364,33.842880118538375,N,0
897,30074.979909759793,35.082688530124344,S,0
898,44928.859361640876,23.48248558440528,N,0
899,47464.581584776104,23.005985760682915,N,0
900,42293.11873637939,30.257638493678684,W,0
901,28330.543301389185,31.21104997756558,W,0
902,42068.71700933644,17.0058190301988,W,0
903,42054.25112770478,28.737850840053262,W,0
904,43667.34835907021,30.098504580114533,E,0
905,39928.75717117437,28.493955839602098,E,0
906,41012.890620826794,24.306267113573263,W,0
907,44642.643458877195,26.22325372655202,E,0
908,48982.0914447274,28.76198564499043,E,0
909,42260.15913428999,30.635600165270333,N,0
910,41313.159644687985,34.23354107785398,E,0
911,45831.18634429012,37.5659934346561,W,0
912,27711.756666943365,27.93956593530925,E,0
913,49293.31614503812,26.806906627192497,S,0
914,44994.93212589337,33.06358971474015,N,0
915,45357.241739378056,34.27591441487598,N,0
916,53646.608768350176,26.9605969671878,E,0
917,27424.660229565765,35.532754338763205,E,0
918,27235.495171269326,36.85709738809181,W,0
919,47464.234607911676,39.04180525961071,W,0
920,44935.94830384336,42.44824634703876,S,0
921,46531.59248872739,23.93508702938393,W,0
922,40840.85632344799,30.09728746532758,E,0
923,50979.18306815938,30.07894387633062,S,0
924,53393.74958692008,29.313485020272445,W,0
925,49355.840645563745,25.455159562729047,N,0
926,42652.54387435875,19.6010659773825,E,0
927,26030.795511470373,30.648756122203025,W,0
928,51923.12587233415,24.621510383164612,E,0
929,55995.557995958334,30.601954365233375,W,0
930,50801.02570785582,24.441695208108026,N,0
931,37083.21815369244,22.30239157908961,E,0
932,51064.14954300982,31.640088522638283,W,0
933,52744.76737165301,31.056450687645473,E,0
934,59029.346230191775,34.05497379924653,W,0
935,37115.010681948384,45.30104636492338,S,0
936,42961.90873910276,31.94102671847593,E,0
937,51725.448460291096,33.39557236944891,S,0
938,45516.69064294342,22.45707069792872,W,0
939,34944.05158153853,20.991647916245377,N,0
940,48731.54656524033,41.079806127413335,S,0
941,50207.9547043365,23.535641540466877,N,0
942,45791.666066979014,22.692391499719506,E,0
943,46976.2643446195,29.72630755148413,N,0
944,42671.64688482843,29.36865310635828,S,0
945,58304.51042144453,23.68245445489696,W,0
946,36893.77034658591,27.8651874690083,S,0
947,39714.11313512599,38.60563002355073,N,0
948,45098.86962174773,24.358044738177416,N,0
949,52910.586249308035,20.244292609436798,N,0
950,31523.64146914917,36.59815534629855,W,0
951,33207.32925211105,33.44607838356626,E,0
952,26660.44343038754,25.65636965545937,W,0
953,45294.25702727944,18.924830887111575,N,0
954,34935.247645141106,24.787636504930056,S,0
955,41539.04900983875,29.617068942055102,N,0
956,50952.40370902537,38.159704629186734,S,0
957,39226.11551295438,22.7439261759124,E,0
958,47081.53820469028,29.408360829419685,W,0
959,42305.9588302345,34.72601261926429,S,0
960,51049.02883586793,13.331128619146554,W,0
961,49276.15260613208,37.236503175572295,E,0
962,38772.59673442851,21.722845994554937,S,0
963,43482.13421939593,32.32396845419854,W,0
964,54393.69057948445,31.726782047275208,S,0
965,48540.39183228687,37.59210474024692,N,0
966,32427.34148023982,33.85647066625478,W,0
967,50900.56255054245,13.358966557890131,W,0
968,35238.504398073856,24.50654526990806,N,0
969,57712.61762964905,30.96743590547296,W,0
970,54216.88955856922,28.63514079716149,W,0
971,47608.96928326561,33.34327510829739,W,0
972,46415.09559092574,35.52556588968794,S,0
973,43118.70969575322,34.25916215500776,E,0
974,51106.71556260025,28.500075402118743,E,0
975,41662.99647484144,17.075640922156637,E,0
976,47120.128835759046,26.81163125801628,E,0
977,52847.40929867506,32.91457703697269,E,0
978,39943.74110826969,22.366869232146655,E,0
979,39454.26534008375,34.41892311085103,E,0
980,34250.71067347987,36.35875308087113,E,0
981,35419.745284864446,30.888068834070896,N,0
982,28544.442197026478,8.553540935813228,N,0
983,51568.459101139764,21.053381461017377,W,0
984,61280.23087874494,43.20332410989257,W,0
985,57827.96049123275,26.174235448801355,E,0
986,30365.239602361355,16.11099743809703,N,0
987,51523.6920440058,38.64673171817191,W,0
988,57798.95714931201,30.09348914080571,N,0
989,40888.710173352025,37.73458342270408,S,0
990,45913.026875850446,31.938710726535557,S,0
991,26928.962542757967,33.209913953485184,N,0
992,47400.625511789774,32.541064734001615,W,0
993,35427.962435087546,34.882418183447,E,0
994,46796.71516120363,45.94201313989269,S,0
995,30949.173700300074,36.79704435171432,E,0
996,49885.72402029837,18.937624775081254,N,0
997,54220.61407884021,33.126630606952325,S,0
998,37951.38124456349,37.99036537672252,E,0
999,34767.696767306086,38.41890564575302,S,0
